entrada, t_insertion, t_merge
10, 3, 3
60, 6, 13
110, 19, 23
160, 34, 34
210, 61, 44
260, 94, 54
310, 138, 67
360, 171, 80
410, 244, 94
460, 291, 100
510, 302, 117
560, 409, 127
610, 463, 139
660, 535, 116
710, 652, 166
760, 741, 174
810, 809, 163
860, 788, 157
910, 812, 159
960, 895, 175
1010, 1014, 176
1060, 1125, 199
1110, 1208, 199
1160, 1432, 237
1210, 1462, 287
1260, 2053, 300
1310, 2354, 286
1360, 2562, 316
1410, 2419, 357
1460, 2000, 243
1510, 2630, 293
1560, 2371, 385
1610, 2740, 375
1660, 3055, 373
1710, 3301, 288
1760, 3023, 434
1810, 3218, 360
1860, 3721, 461
1910, 4084, 364
1960, 3410, 357
2010, 5561, 458
2060, 4423, 433
2110, 4765, 413
2160, 4975, 423
2210, 5426, 540
2260, 4771, 528
2310, 5268, 444
2360, 6236, 456
2410, 6838, 622
2460, 6595, 586
2510, 6257, 505
2560, 6831, 526
2610, 6399, 557
2660, 8405, 680
2710, 7999, 686
2760, 9403, 725
2810, 10313, 743
2860, 10423, 895
2910, 11387, 750
2960, 11293, 735
3010, 11143, 791
3060, 12109, 794
3110, 12911, 815
3160, 12874, 775
3210, 13441, 786
3260, 13512, 889
3310, 13552, 646
3360, 11270, 843
3410, 10952, 629
3460, 11964, 629
3510, 14365, 698
3560, 12351, 712
3610, 12348, 830
3660, 12064, 759
3710, 14075, 653
3760, 14110, 719
3810, 14459, 700
3860, 15084, 691
3910, 14159, 736
3960, 14717, 803
4010, 15852, 768
4060, 15713, 741
4110, 16117, 800
4160, 16975, 828
4210, 17395, 839
4260, 17832, 792
4310, 20602, 1050
4360, 20054, 981
4410, 19019, 836
4460, 18986, 839
4510, 19002, 886
4560, 19535, 1161
4610, 20400, 872
4660, 20623, 836
4710, 21402, 1101
4760, 20888, 973
4810, 21154, 951
4860, 26246, 1027
4910, 22547, 972
4960, 24133, 998
5010, 23288, 924
5060, 25011, 1028
5110, 24017, 1191
5160, 25998, 1238
5210, 26354, 1166
5260, 26407, 1317
5310, 29122, 1223
5360, 32480, 1215
5410, 31188, 1077
5460, 31487, 1328
5510, 31924, 1240
5560, 32404, 1042
5610, 29905, 1067
5660, 30188, 1090
5710, 33522, 1049
5760, 31352, 1342
5810, 32343, 1104
5860, 32699, 1089
5910, 33200, 1092
5960, 33029, 1148
6010, 33610, 1282
6060, 36889, 1671
6110, 38084, 1103
6160, 34211, 1114
6210, 36874, 1472
6260, 38176, 1188
6310, 37197, 1181
6360, 37930, 1362
6410, 41118, 1251
6460, 40014, 1575
6510, 41400, 1317
6560, 47218, 1698
6610, 43395, 1252
6660, 42469, 1799
6710, 43553, 1248
6760, 45989, 1254
6810, 41574, 1593
6860, 46697, 1393
6910, 45491, 1448
6960, 45784, 1291
7010, 45683, 1314
7060, 46179, 1445
7110, 45833, 1361
7160, 48456, 1659
7210, 50912, 1417
7260, 47627, 1380
7310, 49224, 1429
7360, 47974, 1455
7410, 52019, 1430
7460, 54625, 1544
7510, 51710, 1423
7560, 51210, 1385
7610, 52559, 1414
7660, 52380, 2201
7710, 60018, 1418
7760, 53977, 1688
7810, 56057, 1627
7860, 58247, 1665
7910, 60228, 1495
7960, 59452, 1494
8010, 58153, 1514
8060, 59122, 1561
8110, 61683, 1759
8160, 61167, 1548
8210, 60520, 1566
8260, 65061, 1764
8310, 65337, 1573
8360, 63977, 1571
8410, 65468, 1564
8460, 67865, 1963
8510, 78632, 2421
8560, 75933, 1621
8610, 67390, 1707
8660, 72200, 1639
8710, 68888, 1679
8760, 68607, 1655
8810, 71073, 1702
8860, 68625, 1674
8910, 71564, 1686
8960, 72812, 1740
9010, 75445, 1726
9060, 75896, 1706
9110, 74703, 1752
9160, 77686, 2330
9210, 75828, 1761
9260, 75719, 2030
9310, 81563, 1721
9360, 78163, 1830
9410, 79982, 1823
9460, 81081, 1905
9510, 79935, 1766
9560, 80847, 1859
9610, 86071, 1855
9660, 82356, 1790
9710, 83328, 1801
9760, 87576, 2142
9810, 85617, 1876
9860, 86726, 1893
9910, 90097, 1862
9960, 88090, 1870
10010, 88871, 1961
10060, 88165, 1855
10110, 91370, 1898
10160, 97387, 1934
10210, 90233, 2067
10260, 91866, 1951
10310, 94083, 1968
10360, 95416, 1953
10410, 102752, 1979
10460, 95888, 2078
10510, 96047, 2047
10560, 99031, 1983
10610, 97655, 1976
10660, 103143, 1991
10710, 102555, 2213
10760, 103068, 2083
10810, 103683, 2013
10860, 102357, 2112
10910, 110633, 2110
10960, 162108, 2449
11010, 120196, 2064
11060, 115383, 2806
11110, 111839, 2138
11160, 109840, 2093
11210, 112252, 2096
11260, 111221, 2152
11310, 116741, 2154
11360, 111643, 2286
11410, 114407, 2170
11460, 114730, 2303
11510, 118355, 2279
11560, 116020, 2227
11610, 116714, 3007
11660, 124124, 2511
11710, 125738, 2927
11760, 125473, 2253
11810, 122690, 2229
11860, 121646, 2289
11910, 126705, 2292
11960, 125073, 2269
12010, 126391, 2259
12060, 124993, 2520
12110, 130117, 2299
12160, 144838, 2372
12210, 132882, 2355
12260, 134330, 2340
12310, 133351, 2286
12360, 135355, 2375
12410, 135650, 2320
12460, 137873, 2565
12510, 135823, 2373
12560, 138703, 2349
12610, 139032, 2599
12660, 142799, 2482
12710, 138779, 2585
12760, 141662, 2497
12810, 145947, 2511
12860, 141067, 2551
12910, 145259, 2602
12960, 144712, 2445
13010, 148934, 2454
13060, 146595, 3540
13110, 148257, 2540
13160, 153761, 2493
13210, 153420, 2476
13260, 153082, 2526
13310, 158501, 2556
13360, 158007, 2602
13410, 168560, 2559
13460, 166577, 2527
13510, 158483, 2638
13560, 159161, 2691
13610, 167534, 2823
13660, 159911, 2573
13710, 164004, 2581
13760, 167935, 2773
13810, 164042, 2637
13860, 165965, 2656
13910, 171089, 2672
13960, 168905, 2676
14010, 169942, 2629
14060, 183244, 2983
14110, 185917, 2892
14160, 183650, 2932
14210, 220459, 2762
14260, 181107, 2759
14310, 183062, 2676
14360, 178911, 2737
14410, 183138, 2734
14460, 208906, 2792
14510, 192530, 3056
14560, 184963, 2746
14610, 183773, 2890
14660, 184591, 2827
14710, 189531, 3124
14760, 187033, 2792
14810, 192429, 2940
14860, 191991, 2861
14910, 188386, 2822
14960, 195324, 2823
15010, 191421, 2853
15060, 199522, 2900
15110, 203609, 2965
15160, 201831, 2961
15210, 207444, 2973
15260, 203809, 3050
15310, 211137, 3100
15360, 217455, 2893
15410, 201912, 3000
15460, 209619, 2926
15510, 204926, 3043
15560, 208757, 3086
15610, 210294, 3018
15660, 208788, 3104
15710, 209665, 3031
15760, 211681, 3121
15810, 215159, 3094
15860, 214799, 3027
15910, 219863, 3035
15960, 216798, 3324
16010, 223604, 3090
16060, 219693, 3038
16110, 218807, 3116
16160, 224017, 3176
16210, 222225, 3078
16260, 228708, 3090
16310, 225598, 3158
16360, 227508, 3130
16410, 228946, 3119
16460, 230324, 3119
16510, 231066, 3121
16560, 236577, 3191
16610, 229987, 3300
16660, 235931, 3354
16710, 236107, 3227
16760, 237421, 3896
16810, 241101, 3198
16860, 242240, 3381
16910, 242639, 3245
16960, 241579, 3482
17010, 245626, 3260
17060, 251830, 3657
17110, 244804, 3265
17160, 249736, 3543
17210, 249274, 3368
17260, 255781, 3653
17310, 258106, 3332
17360, 257459, 3405
17410, 255584, 3353
17460, 257513, 3486
17510, 267140, 3376
17560, 262814, 3471
17610, 262872, 3509
17660, 265958, 3515
17710, 263182, 3825
17760, 271361, 3527
17810, 267211, 3475
17860, 268182, 3427
17910, 270346, 3478
17960, 277969, 4286
18010, 284537, 3518
18060, 277780, 3454
18110, 346910, 3521
18160, 283436, 3962
18210, 279525, 3494
18260, 288492, 3662
18310, 286339, 3548
18360, 289280, 3498
18410, 296852, 3507
18460, 291816, 3529
18510, 293863, 3601
18560, 288801, 3659
18610, 295281, 3756
18660, 295667, 3650
18710, 295376, 3667
18760, 300669, 3677
18810, 297118, 3723
18860, 302540, 3672
18910, 298878, 3650
18960, 302882, 3764
19010, 305167, 3649
19060, 306015, 3727
19110, 304414, 3719
19160, 312939, 3850
19210, 309091, 4050
19260, 316083, 3765
19310, 312838, 3785
19360, 315808, 3727
19410, 318281, 3892
19460, 317609, 3786
19510, 326145, 3759
19560, 326072, 3938
19610, 329284, 3758
19660, 323885, 3819
19710, 329464, 3806
19760, 330373, 3908
19810, 338073, 3847
19860, 335678, 4730
19910, 332988, 3915
19960, 338974, 3850
20010, 341862, 3856
20060, 340636, 3935
20110, 338516, 3933
20160, 346130, 3953
20210, 341816, 3882
20260, 373945, 3950
20310, 348091, 3891
20360, 351439, 3961
20410, 349929, 3884
20460, 350465, 4081
20510, 355178, 3913
20560, 355550, 3940
20610, 350207, 3973
20660, 356063, 3977
20710, 356400, 4268
20760, 358430, 3981
20810, 362722, 3998
20860, 361989, 3997
20910, 367304, 5869
20960, 373154, 4037
21010, 369775, 4194
21060, 377291, 4074
21110, 371853, 4611
21160, 373058, 4078
21210, 389352, 4071
21260, 377183, 4134
21310, 383114, 4125
21360, 387623, 4184
21410, 377999, 4141
21460, 385522, 4149
21510, 389637, 4195
21560, 389459, 4149
21610, 398284, 4408
21660, 400909, 4172
21710, 395004, 4197
21760, 398076, 4213
21810, 413138, 4203
21860, 399064, 4353
21910, 400606, 4363
21960, 405448, 5475
22010, 413952, 4351
22060, 414011, 4624
22110, 431943, 4275
22160, 441967, 4792
22210, 433691, 4608
22260, 452593, 4436
22310, 424133, 4400
22360, 428366, 5859
22410, 470165, 4792
22460, 522608, 5028
22510, 447652, 4368
22560, 426090, 4471
22610, 431743, 4369
22660, 429556, 4374
22710, 430649, 4405
22760, 430790, 4598
22810, 436990, 4460
22860, 448346, 4435
22910, 438483, 4513
22960, 443291, 4543
23010, 439738, 4447
23060, 444395, 4580
23110, 447319, 4466
23160, 450212, 4473
23210, 446297, 4728
23260, 452563, 4491
23310, 451301, 4522
23360, 462749, 4635
23410, 464219, 4533
23460, 455534, 4524
23510, 464136, 4643
23560, 463297, 4568
23610, 467151, 4667
23660, 467653, 4573
23710, 470383, 4575
23760, 471759, 4594
23810, 473461, 4730
23860, 474608, 5010
23910, 480985, 4763
23960, 478165, 4743
24010, 479894, 4684
24060, 483114, 4667
24110, 485198, 4657
24160, 483878, 4689
24210, 488973, 4679
24260, 487977, 4684
24310, 489621, 4679
24360, 496803, 4677
24410, 506695, 5364
24460, 504137, 5669
24510, 505487, 5728
24560, 507063, 5684
24610, 504636, 5216
24660, 512477, 5400
24710, 507875, 5853
24760, 513191, 5872
24810, 526128, 5664
24860, 516753, 4986
24910, 528003, 4969
24960, 521172, 5738
25010, 533677, 4912
25060, 527518, 4991
25110, 531543, 5050
25160, 531846, 5506
25210, 531292, 6092
25260, 528057, 5750
25310, 529073, 5214
25360, 550134, 5144
25410, 543458, 4990
25460, 565541, 5542
25510, 544036, 5388
25560, 554826, 5133
25610, 551558, 5760
25660, 573312, 5099
25710, 560549, 5158
25760, 563603, 5304
25810, 571719, 5211
25860, 567906, 5349
25910, 567644, 5700
25960, 566151, 5117
26010, 570212, 6017
26060, 567311, 5286
26110, 578550, 5242
26160, 577375, 5230
26210, 578559, 5306
26260, 599182, 5848
26310, 582478, 5865
26360, 582138, 5193
26410, 589765, 5838
26460, 588407, 5847
26510, 591866, 5416
26560, 601796, 5802
26610, 621216, 5930
26660, 614038, 6106
26710, 599189, 5732
26760, 610034, 5284
26810, 614245, 5327
26860, 615270, 6014
26910, 617441, 5556
26960, 618204, 5779
27010, 622737, 5500
27060, 634800, 6325
27110, 629877, 6967
27160, 628298, 5820
27210, 628573, 5537
27260, 634329, 5686
27310, 637025, 5889
27360, 636190, 6286
27410, 646330, 6534
27460, 654435, 5587
27510, 650328, 6303
27560, 645927, 5897
27610, 644650, 5736
27660, 656715, 6460
27710, 654956, 5845
27760, 660390, 5985
27810, 667545, 6015
27860, 668956, 5908
27910, 667687, 6235
27960, 671727, 6780
28010, 657202, 6035
28060, 692736, 8110
28110, 677266, 6439
28160, 690448, 5965
28210, 683490, 6430
28260, 685321, 5575
28310, 684451, 6577
28360, 687541, 5691
28410, 688552, 5845
28460, 696633, 5700
28510, 694426, 5651
28560, 703590, 6228
28610, 699408, 5794
28660, 707571, 5704
28710, 707891, 5637
28760, 712851, 5960
28810, 722268, 5779
28860, 789082, 6400
28910, 736462, 6067
28960, 725096, 5771
29010, 723451, 5955
29060, 717617, 6517
29110, 728277, 6854
29160, 722558, 6047
29210, 741381, 5864
29260, 741687, 5865
29310, 730116, 5729
29360, 734614, 6854
29410, 743039, 6743
29460, 748537, 6084
29510, 748362, 5941
29560, 765643, 7340
29610, 757025, 6684
29660, 757686, 6662
29710, 754461, 5830
29760, 764248, 6305
29810, 771172, 6170
29860, 768738, 7074
29910, 773059, 6414
29960, 773631, 5969
30010, 781427, 6782
30060, 783456, 6124
30110, 787639, 7117
30160, 779005, 6662
30210, 793489, 6886
30260, 789819, 7108
30310, 789888, 6852
30360, 793771, 7167
30410, 795086, 7457
30460, 800326, 5994
30510, 819434, 6786
30560, 811414, 6525
30610, 804084, 7132
30660, 815034, 6557
30710, 814451, 6101
30760, 835169, 6551
30810, 830421, 6276
30860, 827347, 6099
30910, 825337, 6372
30960, 833989, 7257
31010, 828634, 6627
31060, 839263, 7264
31110, 845872, 6461
31160, 837418, 7394
31210, 868814, 6458
31260, 851889, 6526
31310, 852366, 7436
31360, 850493, 6334
31410, 860368, 6267
31460, 852644, 7110
31510, 871101, 7685
31560, 858763, 7469
31610, 873934, 7387
31660, 863495, 6386
31710, 871044, 7160
31760, 876304, 7117
31810, 878644, 6715
31860, 880224, 6417
31910, 889491, 6612
31960, 890199, 6676
32010, 897858, 6540
32060, 897910, 7655
32110, 888646, 7202
32160, 899997, 6564
32210, 914148, 7107
32260, 940777, 7012
32310, 913188, 7643
32360, 919367, 6560
32410, 911962, 6655
32460, 925480, 6409
32510, 927407, 6645
32560, 920169, 6919
32610, 922955, 7356
32660, 915113, 6437
32710, 917054, 7455
32760, 940411, 8337
32810, 935169, 6492
32860, 933028, 7428
32910, 928634, 7614
32960, 938692, 7281
33010, 934924, 6839
33060, 952443, 7732
33110, 959759, 7692
33160, 947776, 6885
33210, 955590, 7638
33260, 953515, 7216
33310, 965010, 7607
33360, 958506, 7897
33410, 1153867, 7819
33460, 1084354, 6670
33510, 979974, 7630
33560, 988166, 6767
33610, 1061060, 7594
33660, 987515, 6929
33710, 993605, 6678
33760, 996300, 8000
33810, 1009188, 7979
33860, 1004826, 7774
33910, 1002887, 6755
33960, 1009614, 6863
34010, 1009845, 6987
34060, 1017873, 7430
34110, 1011700, 6990
34160, 1011972, 6903
34210, 1022542, 7114
34260, 1025677, 8936
34310, 1029570, 6910
34360, 1035202, 7592
34410, 1051709, 10147
34460, 1131382, 7248
34510, 1040144, 7452
34560, 1031341, 7104
34610, 1042208, 7049
34660, 1039209, 7008
34710, 1047979, 7301
34760, 1055814, 6964
34810, 1063815, 7949
34860, 1058378, 7805
34910, 1061763, 8365
34960, 1066233, 6924
35010, 1076443, 7118
35060, 1075531, 6956
35110, 1077248, 7134
35160, 1083132, 8052
35210, 1094148, 7703
35260, 1096436, 7235
35310, 1087543, 7607
35360, 1086507, 8311
35410, 1093091, 8071
35460, 1095506, 7217
35510, 1109189, 7346
35560, 1117143, 7646
35610, 1110511, 7493
35660, 1109239, 7730
35710, 1122353, 8267
35760, 1120147, 8272
35810, 1113828, 7814
35860, 1113612, 7516
35910, 1135771, 8251
35960, 1130494, 7161
36010, 1129099, 8349
36060, 1138142, 7429
36110, 1134305, 7572
36160, 1142582, 7491
36210, 1128032, 7387
36260, 1146433, 8299
36310, 1151341, 7324
36360, 1144319, 7892
36410, 1155637, 7798
36460, 1163765, 7863
36510, 1164600, 8515
36560, 1172490, 8009
36610, 1179187, 8287
36660, 1183655, 7250
36710, 1194533, 8398
36760, 1175329, 8187
36810, 1173839, 8288
36860, 1185372, 7356
36910, 1184382, 8435
36960, 1185659, 7373
37010, 1197177, 8375
37060, 1207110, 8690
37110, 1200237, 8173
37160, 1215520, 8340
37210, 1208035, 8329
37260, 1218923, 7441
37310, 1215945, 8753
37360, 1316966, 8289
37410, 1222025, 8105
37460, 1215485, 7833
37510, 1229200, 8850
37560, 1277281, 11010
37610, 1328337, 7533
37660, 1241629, 7812
37710, 1244068, 7640
37760, 1258056, 7828
37810, 1267661, 8684
37860, 1268755, 7997
37910, 1250992, 8580
37960, 1284200, 8317
38010, 1265838, 8328
38060, 1267515, 8501
38110, 1280871, 8608
38160, 1285522, 8867
38210, 1273564, 8585
38260, 1287307, 7751
38310, 1288073, 8224
38360, 1294505, 7818
38410, 1298103, 8644
38460, 1298157, 8760
38510, 1305835, 9226
38560, 1305285, 9287
38610, 1310895, 9330
38660, 1344370, 7689
38710, 1339092, 8274
38760, 1320162, 8763
38810, 1317747, 8073
38860, 1324776, 7828
38910, 1337365, 8005
38960, 1339984, 7896
39010, 1337645, 8032
39060, 1337184, 7738
39110, 1342338, 7963
39160, 1344953, 7834
39210, 1353678, 8380
39260, 1350105, 8942
39310, 1355064, 8816
39360, 1340582, 7929
39410, 1355931, 7849
39460, 1371696, 7840
39510, 1365230, 8162
39560, 1380941, 8046
39610, 1374054, 7963
39660, 1378174, 7908
39710, 1382604, 8167
39760, 1427212, 8343
39810, 1424991, 7901
39860, 1397212, 7911
39910, 1396486, 8076
39960, 1401556, 7921
40010, 1412087, 8071
40060, 1404803, 7981
40110, 1449453, 8943
40160, 1686449, 8013
40210, 1336046, 8070
40260, 1325613, 8048
40310, 1335150, 7989
40360, 1331181, 7992
40410, 1342859, 9452
40460, 1336819, 7997
40510, 1346569, 8039
40560, 1361287, 8200
40610, 1352049, 8196
40660, 1361078, 8059
40710, 1360583, 8035
40760, 1363799, 8105
40810, 1369754, 8064
40860, 1367007, 8035
40910, 1367023, 8047
40960, 1371939, 8177
41010, 1376335, 8059
41060, 1382609, 8231
41110, 1388291, 8236
41160, 1397055, 8112
41210, 1419389, 12572
41260, 1477162, 8261
41310, 1393994, 8156
41360, 1400108, 8140
41410, 1423302, 8174
41460, 1412213, 8378
41510, 1403973, 8250
41560, 1420807, 8363
41610, 1420908, 8232
41660, 1422672, 8245
41710, 1425493, 8242
41760, 1421557, 8279
41810, 1427052, 8298
41860, 1423047, 8293
41910, 1432828, 8361
41960, 1454852, 8406
42010, 1445474, 9576
42060, 1444358, 8342
42110, 1455967, 8380
42160, 1450372, 8497
42210, 1470352, 8396
42260, 1463380, 8391
42310, 1468776, 8844
42360, 1473820, 8416
42410, 1471221, 8560
42460, 1477009, 8491
42510, 1487221, 8478
42560, 1483657, 8435
42610, 1494778, 8641
42660, 1570543, 8465
42710, 1490193, 8578
42760, 1501197, 8494
42810, 1501323, 8524
42860, 1499224, 8550
42910, 1503523, 8579
42960, 1515231, 8552
43010, 1518020, 8535
43060, 1516876, 8618
43110, 1523004, 8788
43160, 1519964, 8636
43210, 1522594, 8653
43260, 1546654, 8634
43310, 1541195, 8645
43360, 1531388, 8682
43410, 1555218, 8796
43460, 1556918, 8687
43510, 1543275, 8852
43560, 1546554, 8732
43610, 1570030, 8883
43660, 1558326, 8870
43710, 1566846, 8732
43760, 1567687, 8727
43810, 1568032, 8834
43860, 1576987, 8810
43910, 1587888, 8806
43960, 1583368, 8822
44010, 1592837, 8797
44060, 1584320, 8832
44110, 1602408, 8871
44160, 1598122, 9015
44210, 1602711, 8880
44260, 1618156, 9171
44310, 1608345, 8850
44360, 1607749, 8889
44410, 1626553, 8874
44460, 1608644, 8890
44510, 1630578, 8897
44560, 1636910, 8893
44610, 1626531, 8910
44660, 1641866, 9050
44710, 1642714, 9107
44760, 1631336, 8941
44810, 1652309, 8989
44860, 1651663, 9991
44910, 1637261, 9192
44960, 1656302, 9155
45010, 1654010, 8958
45060, 1659046, 9097
45110, 1685177, 9182
45160, 1677086, 9108
45210, 1663640, 8999
45260, 1776690, 12866
45310, 1944581, 9052
45360, 1771339, 9166
45410, 2088148, 13039
45460, 2443699, 10713
45510, 2105274, 9248
45560, 1907736, 9795
45610, 1997500, 9526
45660, 2056620, 10851
45710, 1915946, 9309
45760, 1860948, 9268
45810, 1798798, 9223
45860, 1801969, 9222
45910, 1839203, 9971
45960, 1948899, 10060
46010, 1895683, 9219
46060, 1992553, 9774
46110, 1893575, 9430
46160, 2125140, 14011
46210, 1932579, 9239
46260, 1837786, 9732
46310, 1843569, 9277
46360, 1845085, 9288
46410, 1913790, 9357
46460, 1869757, 9348
46510, 1856313, 9294
46560, 1877466, 9383
46610, 1867964, 9421
46660, 1870763, 9626
46710, 1890251, 9380
46760, 1911071, 11688
46810, 1915189, 9453
46860, 1880728, 9393
46910, 1894846, 9909
46960, 1957391, 9723
47010, 1969321, 10269
47060, 1971171, 9834
47110, 2084236, 9965
47160, 2107606, 10247
47210, 2118031, 9454
47260, 2109437, 9459
47310, 2049548, 11182
47360, 2080744, 10115
47410, 1971898, 10160
47460, 1989257, 10128
47510, 1987154, 9501
47560, 1976912, 9950
47610, 1993684, 10111
47660, 1986574, 9522
47710, 2020274, 10184
47760, 2009784, 9561
47810, 1963129, 9580
47860, 1957397, 9813
47910, 1970197, 9609
47960, 1989533, 9636
48010, 1976071, 9628
48060, 1993802, 9624
48110, 1996527, 9665
48160, 2064003, 9968
48210, 2001683, 9654
48260, 1998160, 9642
48310, 2019097, 9756
48360, 2004993, 9857
48410, 2013851, 9698
48460, 2027866, 9847
48510, 2032921, 9676
48560, 2012859, 9684
48610, 2025659, 9691
48660, 2023432, 9723
48710, 2038722, 9843
48760, 2025872, 9807
48810, 2044513, 9725
48860, 2078302, 10035
48910, 2032292, 10091
48960, 2057178, 9800
49010, 2053831, 9841
49060, 2090370, 10045
49110, 2071477, 9773
49160, 2055592, 9766
49210, 2085927, 9783
49260, 2101931, 10001
49310, 2083366, 9833
49360, 2090400, 9878
49410, 2102640, 9897
49460, 2094739, 9866
49510, 2181234, 9874
49560, 2432316, 10256
49610, 2486786, 11139
49660, 2838592, 11200
49710, 2603066, 12441
49760, 2360888, 10958
49810, 2585135, 11046
49860, 2276240, 10230
49910, 2207354, 10556
49960, 2174082, 10313
50010, 2190973, 10337
50060, 2196807, 10480
50110, 2367208, 10297
50160, 2178935, 10238
50210, 2190850, 10296
50260, 2112133, 10286
50310, 2097079, 11248
50360, 2094210, 10232
50410, 2120526, 10251
50460, 2106370, 10150
50510, 2096663, 10311
50560, 2098282, 10372
50610, 2117613, 10388
50660, 2096319, 10371
50710, 2127347, 10343
50760, 2168836, 10276
50810, 2118921, 10341
50860, 2145332, 10487
50910, 2130702, 10426
50960, 2146766, 10465
51010, 2156444, 10474
51060, 2177064, 10333
51110, 2161530, 10289
51160, 2187488, 10270
51210, 2170583, 10371
51260, 2193840, 10509
51310, 2178944, 10367
51360, 2181718, 11739
51410, 2197273, 10420
51460, 2198911, 10440
51510, 2181415, 10531
51560, 2202054, 10402
51610, 2190585, 11776
51660, 2214864, 10633
51710, 2240683, 11760
51760, 2222439, 10548
51810, 2219223, 10428
51860, 2232959, 10534
51910, 2242576, 10468
51960, 2241857, 10618
52010, 2232659, 10632
52060, 2500619, 12730
52110, 2388298, 10606
52160, 2346120, 11746
52210, 2517056, 12495
52260, 2452956, 10719
52310, 2501760, 10636
52360, 2274160, 10594
52410, 2296414, 10777
52460, 2457179, 10782
52510, 2294453, 10669
52560, 2287280, 10824
52610, 2299765, 10594
52660, 2291459, 10677
52710, 2317417, 10865
52760, 2308576, 10915
52810, 2308048, 12559
52860, 2307907, 10677
52910, 2333577, 10706
52960, 2335498, 10680
53010, 2327378, 10796
53060, 2324711, 10763
53110, 2329081, 10848
53160, 2339164, 10851
53210, 2363767, 10898
53260, 2339931, 10714
53310, 2340489, 10941
53360, 2353180, 10899
53410, 2361348, 10958
53460, 2382317, 10834
53510, 2353978, 10755
53560, 2371205, 10787
53610, 2375360, 10911
53660, 2418984, 10770
53710, 2423268, 11328
53760, 2391149, 11927
53810, 2402165, 10908
53860, 2416940, 10958
53910, 2708908, 15121
53960, 2745662, 11221
54010, 2425538, 11135
54060, 2785272, 15975
54110, 2765330, 11118
54160, 2946900, 16504
54210, 2663996, 11930
54260, 2610277, 12241
54310, 2964505, 11322
54360, 2563878, 12688
54410, 3069779, 12859
54460, 2736122, 16816
54510, 2838912, 11256
54560, 2553280, 11184
54610, 2573447, 12583
54660, 2564645, 12136
54710, 2774598, 11025
54760, 2804416, 12931
54810, 2584209, 11499
54860, 2497360, 11102
54910, 2506044, 11392
54960, 2659023, 11276
55010, 2504879, 11565
55060, 2510735, 11357
55110, 2514267, 11641
55160, 2517656, 11343
55210, 2525007, 11155
55260, 2539179, 11416
55310, 2530940, 11134
55360, 2540122, 11170
55410, 2543459, 11418
55460, 2548929, 11317
55510, 2551919, 11425
55560, 2574494, 11312
55610, 2554549, 11411
55660, 2700223, 11535
55710, 2566665, 11382
55760, 2574049, 11563
55810, 2602741, 11509
55860, 2621834, 11223
55910, 2582265, 11526
55960, 2594506, 11660
56010, 2622632, 11574
56060, 2615909, 11426
56110, 2640585, 11503
56160, 2643147, 11379
56210, 2605975, 11695
56260, 2650504, 11486
56310, 2805585, 17931
56360, 2655759, 11461
56410, 2871896, 12700
56460, 2752558, 12130
56510, 3017582, 13717
56560, 2771248, 11467
56610, 2856070, 12493
56660, 3038031, 11933
56710, 2750473, 11591
56760, 2703124, 11490
56810, 2679129, 11620
56860, 2712150, 11780
56910, 2951495, 12633
56960, 2777486, 11461
57010, 2683196, 11852
57060, 2715422, 11517
57110, 2689867, 11472
57160, 2693341, 11758
57210, 2718543, 12369
57260, 2712492, 11764
57310, 2718943, 11569
57360, 2722527, 11673
57410, 2726640, 11633
57460, 2745728, 11920
57510, 2756938, 11728
57560, 2739779, 12028
57610, 2837412, 12103
57660, 3012014, 13075
57710, 2781148, 11771
57760, 2778296, 11623
57810, 2781847, 11681
57860, 2947344, 11803
57910, 2781854, 13004
57960, 2785013, 11692
58010, 2929587, 12521
58060, 3043994, 18599
58110, 4101017, 14030
58160, 2997243, 12288
58210, 2857285, 12010
58260, 2831866, 11745
58310, 2807469, 11817
58360, 2858502, 11887
58410, 2848929, 11916
58460, 2955417, 15490
58510, 3231370, 11936
58560, 4079193, 13614
58610, 3027292, 12247
58660, 2907657, 12883
58710, 2927363, 12182
58760, 2913771, 12131
58810, 2976896, 12162
58860, 2945113, 12478
58910, 2957325, 13175
58960, 2930323, 12163
59010, 2983248, 13414
59060, 2979286, 11944
59110, 2991911, 12108
59160, 2992832, 12150
59210, 2993943, 12148
59260, 3218423, 12491
59310, 2995476, 12146
59360, 2976705, 12106
59410, 3024125, 12401
59460, 3037503, 12120
59510, 3020395, 12122
59560, 3006597, 12054
59610, 3041492, 12193
59660, 3059613, 12470
59710, 2991583, 12674
59760, 3069497, 12276
59810, 3052565, 12488
59860, 3046041, 12075
59910, 3064018, 13495
59960, 3041558, 13219
60010, 3211663, 12254
60060, 3119124, 12263
60110, 3098277, 12316
60160, 3104431, 12411
60210, 3140745, 12420
60260, 3066504, 12272
60310, 3128667, 12879
60360, 3125375, 12416
60410, 3115926, 12265
60460, 3121048, 13428
60510, 3131470, 12601
60560, 3115985, 12439
60610, 3121227, 12497
60660, 3152398, 12835
60710, 3503988, 15807
60760, 3240616, 12662
60810, 3174357, 13789
60860, 3189979, 12844
60910, 3155163, 12550
60960, 3308502, 12461
61010, 3582193, 13278
61060, 3236494, 12473
61110, 3153855, 12814
61160, 3180741, 12455
61210, 3162989, 12584
61260, 3166382, 12568
61310, 3170387, 12490
61360, 3184073, 12502
61410, 3219024, 12636
61460, 3202242, 12451
61510, 3182159, 12703
61560, 3218748, 12488
61610, 3212053, 12577
61660, 3208283, 12721
61710, 3235127, 12660
61760, 3181997, 12685
61810, 3302900, 12876
61860, 3390803, 12934
61910, 3291222, 12621
61960, 3284240, 13503
62010, 3406389, 12829
62060, 3398250, 12776
62110, 3299330, 13320
62160, 3627965, 12750
62210, 3554112, 13211
62260, 3358007, 12648
62310, 3324569, 12851
62360, 3243745, 13187
62410, 3275054, 12777
62460, 3309491, 12767
62510, 3283360, 12871
62560, 3313769, 12894
62610, 3299715, 13029
62660, 3322117, 13131
62710, 3296471, 12965
62760, 3302427, 14202
62810, 3324556, 12891
62860, 3487170, 13137
62910, 3684167, 13392
62960, 3311774, 12732
63010, 3303402, 12909
63060, 3372802, 12912
63110, 3336712, 13102
63160, 3353689, 12767
63210, 3335693, 12836
63260, 3319853, 13305
63310, 3684387, 12921
63360, 3413140, 12893
63410, 3626040, 13206
63460, 3402261, 13136
63510, 3470949, 14281
63560, 3407322, 12943
63610, 3504307, 13047
63660, 3481914, 13158
63710, 3450687, 13326
63760, 3443425, 13258
63810, 3489930, 13112
63860, 3499495, 13079
63910, 3474061, 13599
63960, 3485607, 12925
64010, 3489539, 13126
64060, 3498262, 13098
64110, 3463079, 13889
64160, 3492750, 13259
64210, 3694272, 15252
64260, 3934953, 13038
64310, 3437496, 13028
64360, 3477866, 13467
64410, 3489309, 13062
64460, 3462095, 13018
64510, 3471892, 13359
64560, 3435855, 13252
64610, 3487597, 13727
64660, 3505340, 13254
64710, 3483935, 14463
64760, 3473904, 13845
64810, 3682523, 13232
64860, 3538188, 13325
64910, 3550325, 13129
64960, 3525899, 13526
65010, 3565326, 13317
65060, 3520600, 13270
65110, 3515287, 13447
65160, 3533920, 13449
65210, 3497199, 13252
65260, 3611100, 13167
65310, 3581196, 13475
65360, 3622922, 13367
65410, 3605236, 13336
65460, 3592547, 13518
65510, 3578213, 13328
65560, 3548202, 13262
65610, 3566531, 13352
65660, 3575520, 13361
65710, 3615603, 13348
65760, 3591205, 13421
65810, 3598760, 13487
65860, 3581560, 13427
65910, 3607305, 13585
65960, 3658785, 13579
66010, 3697880, 13479
66060, 3831931, 13502
66110, 3585922, 13486
66160, 3591763, 13554
66210, 3610921, 13428
66260, 3622751, 13450
66310, 3615800, 13712
66360, 3619096, 13470
66410, 3820603, 13847
66460, 3660014, 13528
66510, 3686203, 13586
66560, 3680629, 13642
66610, 3665860, 13758
66660, 3661222, 15447
66710, 3650178, 13574
66760, 3673139, 13671
66810, 3721853, 13651
66860, 3708371, 13681
66910, 3715717, 13817
66960, 3704956, 13822
67010, 3726785, 14746
67060, 3756965, 13698
67110, 3772594, 13832
67160, 3723507, 13684
67210, 3758084, 14841
67260, 3743661, 13917
67310, 3996723, 13794
67360, 3759891, 13853
67410, 3798979, 14038
67460, 3778952, 14030
67510, 3822462, 13849
67560, 3799846, 14029
67610, 3806476, 14103
67660, 3786834, 14231
67710, 3789885, 14157
67760, 3834426, 14326
67810, 3825370, 13993
67860, 3795552, 13915
67910, 3817689, 13907
67960, 3846923, 14013
68010, 3878728, 14027
68060, 3867115, 14038
68110, 3816246, 14015
68160, 3854438, 14039
68210, 3857313, 14071
68260, 3831227, 13944
68310, 3887704, 14058
68360, 4025334, 15491
68410, 3991581, 16804
68460, 4402393, 15750
68510, 4060865, 14379
68560, 3898978, 15822
68610, 3896550, 14028
68660, 3950489, 14370
68710, 3973618, 14221
68760, 3956707, 14096
68810, 3943176, 14463
68860, 3947262, 14038
68910, 3999060, 14383
68960, 3987330, 14369
69010, 3949377, 14274
69060, 3964649, 14174
69110, 3947148, 14170
69160, 3940236, 14442
69210, 3968057, 14117
69260, 4024992, 14266
69310, 4022250, 14256
69360, 3963014, 14253
69410, 3990131, 14377
69460, 3992808, 14367
69510, 3995796, 14371
69560, 4181633, 14394
69610, 4025757, 14411
69660, 4000883, 14371
69710, 4036703, 14614
69760, 4054609, 14236
69810, 4116803, 14271
69860, 4056958, 14328
69910, 4011544, 14366
69960, 4023754, 15934
70010, 4061368, 14415
70060, 4061993, 14299
70110, 4019089, 14451
70160, 4078005, 14487
70210, 4062564, 14638
70260, 4078522, 14639
70310, 4097592, 18923
70360, 4108617, 14413
70410, 4166314, 14644
70460, 4170767, 31613
70510, 4122724, 14558
70560, 4121121, 14638
70610, 4207875, 14655
70660, 4150242, 14729
70710, 4140152, 14756
70760, 4115810, 14498
70810, 4385834, 14588
70860, 4158623, 14840
70910, 4512207, 15587
70960, 5158392, 14795
71010, 4433401, 14739
71060, 4266555, 14653
71110, 4283538, 14877
71160, 4246385, 14832
71210, 4199655, 14808
71260, 4217410, 14837
71310, 4227915, 15350
71360, 4231295, 14982
71410, 4275323, 14742
71460, 4317509, 15016
71510, 4268699, 14931
71560, 4249818, 14904
71610, 4308741, 15005
71660, 4291234, 14698
71710, 4377314, 14902
71760, 4299216, 15000
71810, 4341531, 14960
71860, 4325595, 15189
71910, 4529268, 15033
71960, 4321572, 14961
72010, 4375127, 14915
72060, 4356905, 14828
72110, 4360376, 15524
72160, 4354853, 15005
72210, 4347858, 15030
72260, 4374663, 14818
72310, 4417913, 15054
72360, 4402501, 14931
72410, 4356907, 14932
72460, 4387011, 15122
72510, 4358923, 15024
72560, 4367747, 14994
72610, 4391090, 14849
72660, 4390519, 15035
72710, 4477981, 15115
72760, 4430555, 15084
72810, 4435875, 15060
72860, 4381636, 15060
72910, 4588465, 15153
72960, 4401055, 15237
73010, 4462242, 15414
73060, 4452406, 15101
73110, 4480655, 15000
73160, 4465946, 15222
73210, 4479505, 15470
73260, 4555316, 15120
73310, 4451834, 15095
73360, 4441323, 15080
73410, 4505638, 15223
73460, 5005066, 16908
73510, 5271493, 15388
73560, 4858258, 15854
73610, 4745350, 23932
73660, 4633652, 16087
73710, 4943793, 17012
73760, 4608712, 15326
73810, 4560376, 15233
73860, 4536515, 15578
73910, 4730235, 15389
73960, 4536922, 15416
74010, 4578544, 15301
74060, 4613872, 15757
74110, 4589282, 15298
74160, 4549581, 15145
74210, 4617336, 15281
74260, 4583646, 15495
74310, 4674697, 15471
74360, 4606160, 15232
74410, 4607800, 15645
74460, 4613755, 15304
74510, 4661674, 15446
74560, 4617885, 15307
74610, 4631001, 15437
74660, 4657934, 15377
74710, 4651078, 15394
74760, 4650211, 17025
74810, 4655236, 16160
74860, 5303306, 17937
74910, 4773299, 15363
74960, 4736969, 15711
75010, 4701588, 15431
75060, 4709055, 15477
75110, 4689797, 15559
75160, 4750494, 15643
75210, 4717075, 15560
75260, 4732524, 15694
75310, 4742888, 15697
75360, 4737202, 15717
75410, 4749350, 15597
75460, 4727430, 15572
75510, 4792124, 15650
75560, 4822909, 15516
75610, 4779870, 15855
75660, 4853154, 15871
75710, 4801723, 16116
75760, 4759985, 16299
75810, 4977349, 16688
75860, 4797872, 15816
75910, 4864094, 15970
75960, 4797402, 15700
76010, 4972291, 15632
76060, 4814571, 15879
76110, 4869785, 15919
76160, 4773733, 15917
76210, 4839658, 15616
76260, 4890340, 15909
76310, 4838282, 15813
76360, 4901258, 15732
76410, 4857272, 15873
76460, 4876172, 15740
76510, 4930591, 15847
76560, 4867237, 16323
76610, 4951612, 15951
76660, 4926313, 15742
76710, 5060531, 15818
76760, 4922115, 16021
76810, 4946526, 16102
76860, 5104284, 17475
76910, 5128649, 18142
76960, 5188366, 23616
77010, 5050268, 16051
77060, 4964662, 16080
77110, 5010795, 15955
77160, 5024627, 16000
77210, 4948180, 16232
77260, 4931998, 15984
77310, 4993673, 16079
77360, 4956969, 16314
77410, 4980131, 16113
77460, 5001073, 16167
77510, 4968288, 15949
77560, 5199463, 16077
77610, 5011317, 16035
77660, 4972226, 16268
77710, 5004015, 16250
77760, 5024615, 16069
77810, 5046452, 15948
77860, 5063621, 16381
77910, 5051047, 15952
77960, 5032385, 16148
78010, 5184469, 16325
78060, 5094285, 16116
78110, 5027995, 16201
78160, 5068196, 16068
78210, 5055947, 16280
78260, 5087850, 16142
78310, 5138960, 16290
78360, 5110922, 16689
78410, 5112461, 16255
78460, 5103024, 16144
78510, 5147355, 16481
78560, 5133550, 33723
78610, 5150295, 16273
78660, 5123062, 16471
78710, 5167127, 16257
78760, 5352695, 16616
78810, 5197580, 16508
78860, 5195923, 16326
78910, 5205262, 16473
78960, 5177834, 16473
79010, 5250934, 16274
79060, 5192324, 16561
79110, 5189928, 16825
79160, 5182090, 16567
79210, 5225930, 16463
79260, 5283693, 16485
79310, 5218518, 16705
79360, 5231395, 16613
79410, 5230619, 16477
79460, 5295910, 16407
79510, 5264073, 16466
79560, 5271361, 16376
79610, 5539355, 16614
79660, 5327539, 16628
79710, 5268580, 16682
79760, 5300920, 16574
79810, 5323725, 16454
79860, 5328909, 16699
79910, 5349420, 16535
79960, 5318255, 16534
80010, 5305867, 16524
80060, 5378449, 16627
80110, 5415748, 16828
80160, 5380895, 16683
80210, 5334812, 16618
80260, 5339603, 16716
80310, 5336420, 16913
80360, 5404114, 16737
80410, 5573943, 16813
80460, 5379730, 16661
80510, 5351130, 16611
80560, 5383128, 16825
80610, 5389008, 16683
80660, 5395790, 16584
80710, 5391269, 16731
80760, 5401073, 16787
80810, 5424386, 16672
80860, 5413529, 16675
80910, 5406954, 16800
80960, 5478651, 16571
81010, 5457301, 16588
81060, 5461861, 16818
81110, 5418377, 16811
81160, 5438238, 16895
81210, 5635338, 16820
81260, 5554816, 16778
81310, 5556326, 16963
81360, 5486640, 16761
81410, 5497933, 16875
81460, 5501033, 16813
81510, 5484250, 16846
81560, 5564398, 16920
81610, 5565035, 16673
81660, 5603514, 16800
81710, 5533590, 16703
81760, 5613723, 16885
81810, 5638905, 16787
81860, 5609049, 16912
81910, 5601368, 16979
81960, 5644166, 16812
82010, 5772102, 16660
82060, 5554341, 16929
82110, 5549835, 16891
82160, 5589186, 16789
82210, 5607897, 16835
82260, 5611430, 16937
82310, 5642476, 17108
82360, 5597255, 17016
82410, 5614544, 17015
82460, 5620303, 17072
82510, 5628033, 17035
82560, 5665055, 17116
82610, 5666064, 16995
82660, 5670563, 16918
82710, 5639515, 17165
82760, 5675895, 16898
82810, 5689245, 17207
82860, 5691596, 17141
82910, 5878267, 18279
82960, 5700669, 17261
83010, 5738543, 17146
83060, 5743879, 17155
83110, 5703380, 17254
83160, 5722052, 17217
83210, 5731388, 17524
83260, 5768039, 17258
83310, 5779056, 17339
83360, 5760051, 17178
83410, 5758832, 17239
83460, 5930098, 17969
83510, 5772842, 17311
83560, 5840680, 17523
83610, 5932721, 26463
83660, 5884361, 17438
83710, 5762932, 17242
83760, 5817907, 17481
83810, 5838535, 17731
83860, 5819268, 17621
83910, 5880444, 17452
83960, 5849994, 17493
84010, 5875234, 17462
84060, 5999520, 17329
84110, 5925742, 17454
84160, 5874660, 17718
84210, 5865551, 17437
84260, 5841392, 17548
84310, 6003332, 17560
84360, 5902601, 17522
84410, 6075302, 17602
84460, 5912163, 17683
84510, 5943912, 17654
84560, 5913797, 17817
84610, 5989415, 17642
84660, 5977676, 17848
84710, 5996336, 19005
84760, 6015821, 17618
84810, 5985579, 17722
84860, 5942074, 18969
84910, 6001474, 17517
84960, 5960576, 17769
85010, 6052545, 17621
85060, 6231963, 17608
85110, 5961570, 17668
85160, 6007910, 17959
85210, 6028961, 17837
85260, 6003609, 17725
85310, 6005731, 17814
85360, 6002691, 17767
85410, 6048767, 17769
85460, 6142563, 17762
85510, 6153921, 18098
85560, 6045254, 17803
85610, 6128834, 18991
85660, 6072247, 17696
85710, 6063782, 17963
85760, 6302425, 17952
85810, 6164188, 18183
85860, 6156015, 17835
85910, 6273451, 18058
85960, 6131903, 17830
86010, 6118731, 17765
86060, 6164504, 17922
86110, 6143807, 23800
86160, 6184210, 18124
86210, 6167993, 18123
86260, 6152115, 17928
86310, 6270286, 17929
86360, 6250721, 18005
86410, 6237994, 17852
86460, 6479963, 17908
86510, 6231896, 18171
86560, 6234754, 18158
86610, 6217029, 18118
86660, 6223804, 18412
86710, 6235065, 18005
86760, 6286063, 18171
86810, 6270494, 18026
86860, 6284777, 18015
86910, 6254098, 18571
86960, 6305014, 18104
87010, 6320659, 18462
87060, 6259096, 18292
87110, 6406879, 18019
87160, 6304818, 18080
87210, 6475316, 18406
87260, 6327477, 18030
87310, 6301703, 18242
87360, 6319493, 18256
87410, 6355430, 18377
87460, 6325216, 18416
87510, 6378810, 18374
87560, 6383202, 18413
87610, 6371446, 18475
87660, 6364389, 18158
87710, 6351468, 18406
87760, 6456008, 18361
87810, 6396906, 18404
87860, 6425181, 18468
87910, 6692547, 19855
87960, 6431724, 18394
88010, 6534057, 19986
88060, 6446968, 18357
88110, 6473917, 18291
88160, 6445762, 18371
88210, 6463578, 18532
88260, 6477210, 18433
88310, 6552005, 18785
88360, 6588902, 18455
88410, 6496852, 18380
88460, 6476153, 18483
88510, 6546574, 18839
88560, 6549717, 18517
88610, 6663906, 18500
88660, 6564637, 18679
88710, 6595738, 18554
88760, 6555248, 18466
88810, 6503409, 18869
88860, 6577678, 19590
88910, 6590590, 18394
88960, 6560351, 18439
89010, 6605136, 18544
89060, 6635240, 19771
89110, 6689107, 18887
89160, 6618105, 18874
89210, 6632375, 18638
89260, 6654865, 18730
89310, 6774063, 18754
89360, 6639384, 18592
89410, 6624031, 18615
89460, 6635187, 18548
89510, 6610794, 18850
89560, 6637354, 18670
89610, 6645352, 18709
89660, 6701657, 18748
89710, 6639264, 18981
89760, 6740067, 18734
89810, 6688965, 18758
89860, 6708911, 19116
89910, 6682527, 18992
89960, 6883819, 18753
90010, 6711531, 18942
90060, 6728743, 18782
90110, 6725244, 18994
90160, 6707892, 18774
90210, 6772329, 19044
90260, 6738075, 18635
90310, 6757013, 19067
90360, 6742256, 19059
90410, 6765288, 18857
90460, 6792046, 18889
90510, 6821754, 18915
90560, 6795153, 19143
90610, 8183096, 22433
90660, 8314335, 22763
90710, 7503193, 19189
90760, 6844829, 19306
90810, 7116792, 19358
90860, 7008120, 19147
90910, 6892013, 19011
90960, 6871244, 19075
91010, 6853066, 18878
91060, 7046604, 19188
91110, 6887077, 18999
91160, 6910193, 19079
91210, 6928658, 19074
91260, 7021428, 19093
91310, 6926229, 20163
91360, 6972162, 19034
91410, 7000947, 18999
91460, 7045256, 19519
91510, 6964911, 20638
91560, 7020651, 19024
91610, 7021792, 19124
91660, 7076449, 19358
91710, 7043929, 19171
91760, 7219646, 19260
91810, 7038669, 19595
91860, 7044527, 19140
91910, 7090517, 19188
91960, 7021811, 19237
92010, 7096839, 19268
92060, 7035207, 19890
92110, 7112146, 19249
92160, 7050108, 19297
92210, 7066100, 19496
92260, 7130665, 19321
92310, 7093939, 19446
92360, 7092306, 19404
92410, 7266345, 19316
92460, 7471862, 19253
92510, 7093473, 19177
92560, 7219501, 19349
92610, 7135390, 19375
92660, 7093965, 19505
92710, 7194513, 19293
92760, 7116662, 20103
92810, 7149927, 19475
92860, 7499513, 20005
92910, 7580998, 21041
92960, 7152517, 19416
93010, 7196123, 19553
93060, 7235992, 19632
93110, 7408731, 19794
93160, 7226341, 19704
93210, 7226844, 19627
93260, 7174870, 19658
93310, 7201732, 19469
93360, 7300269, 20011
93410, 7216038, 19596
93460, 7241423, 19711
93510, 7347396, 19697
93560, 7258077, 19568
93610, 7258330, 19633
93660, 7243025, 19496
93710, 7393535, 19526
93760, 7279925, 19535
93810, 7270608, 19485
93860, 7270715, 19815
93910, 7290789, 19500
93960, 7319801, 19599
94010, 7368642, 19747
94060, 7300101, 19670
94110, 7334908, 19570
94160, 7316161, 19898
94210, 7382810, 19758
94260, 7361835, 20258
94310, 7437528, 19925
94360, 7363391, 19699
94410, 7394877, 20636
94460, 7379165, 19592
94510, 7641318, 19763
94560, 7379624, 19922
94610, 7403004, 19830
94660, 7471171, 19896
94710, 7412853, 20402
94760, 7479080, 19958
94810, 7396224, 19684
94860, 7464265, 19884
94910, 7531648, 19837
94960, 7405196, 20719
95010, 7477329, 19952
95060, 7525571, 19960
95110, 7557966, 30714
95160, 7563265, 19995
95210, 7466922, 19877
95260, 7496334, 20044
95310, 7540272, 20090
95360, 7514538, 19873
95410, 7532213, 19926
95460, 7525015, 19935
95510, 7524274, 20032
95560, 7656492, 19984
95610, 7571646, 20081
95660, 7618097, 20159
95710, 7688900, 20315
95760, 7847519, 20119
95810, 7635524, 20063
95860, 7571665, 19933
95910, 7584753, 20109
95960, 7630055, 20100
96010, 7686425, 20115
96060, 7655559, 19967
96110, 7635760, 20147
96160, 7693280, 20122
96210, 7620500, 20082
96260, 7685820, 20342
96310, 7676847, 29902
96360, 7944960, 22785
96410, 7681923, 20490
96460, 7718367, 20287
96510, 7787826, 20182
96560, 7743244, 20336
96610, 7745171, 20174
96660, 7805045, 20345
96710, 7778972, 20213
96760, 7749394, 20268
96810, 7746721, 20676
96860, 7731683, 20424
96910, 7932236, 20294
96960, 7852213, 20616
97010, 7810271, 20194
97060, 7868910, 20324
97110, 7798900, 20351
97160, 7817216, 20262
97210, 7816539, 20182
97260, 7918250, 20256
97310, 7850531, 20347
97360, 7852586, 20354
97410, 7832572, 20204
97460, 7835005, 20429
97510, 7843791, 20459
97560, 7854706, 20178
97610, 8042837, 20290
97660, 7898893, 20345
97710, 7935071, 20382
97760, 7930205, 20303
97810, 7980947, 22129
97860, 8014840, 20416
97910, 7929309, 20593
97960, 7961182, 20564
98010, 7974386, 20422
98060, 8011084, 20435
98110, 8116831, 23135
98160, 8189030, 21563
98210, 8055056, 20396
98260, 7993605, 20334
98310, 7983043, 20294
98360, 8029150, 20368
98410, 8057791, 20614
98460, 8095999, 20529
98510, 8068166, 20440
98560, 8058955, 20639
98610, 8192882, 21027
98660, 8220227, 20448
98710, 8019992, 20853
98760, 8050168, 20639
98810, 8141959, 20628
98860, 8233607, 20687
98910, 8169852, 20470
98960, 8107014, 21107
99010, 8132035, 21058
99060, 8105846, 20699
99110, 8093242, 21093
99160, 8137482, 20815
99210, 8436086, 20751
99260, 8108401, 20725
99310, 8134263, 20803
99360, 8182329, 21003
99410, 8175589, 21195
99460, 8295424, 20875
99510, 8183744, 20882
99560, 8184528, 20873
99610, 8234705, 21064
99660, 8232149, 20853
99710, 8440877, 20714
99760, 8244851, 20902
99810, 8284809, 20971
99860, 8313159, 20666
99910, 8390796, 20851
99960, 8295909, 21248
